part_name,kind,status,anderson_family,ecoli_tagged
BBa_J23100,promoter,Available,1,1
BBa_J23101,promoter,Available,1,1
BBa_J23102,promoter,Available,1,1
BBa_J23103,promoter,Available,1,1
BBa_J23104,promoter,Available,1,1
BBa_J23105,promoter,Available,1,1
BBa_J23106,promoter,Available,1,1
BBa_J23107,promoter,Planning,1,1
BBa_J23108,promoter,Available,1,1
BBa_J23109,promoter,Available,1,1
BBa_J23110,promoter,Available,1,1
BBa_J23111,promoter,Available,1,1
BBa_J23112,promoter,Available,1,1
BBa_J23113,promoter,Available,1,1
BBa_J23114,promoter,Available,1,1
BBa_J23115,promoter,Available,1,1
BBa_J23116,promoter,Available,1,1
BBa_J23117,promoter,Available,1,1
BBa_J23118,promoter,Available,1,1
BBa_J23119,promoter,Available,1,1
BBa_K1330002,promoter,Available,1,1
BBa_K1585100,promoter,Unavailable,1,1
BBa_K1585101,promoter,Unavailable,1,1
BBa_K1585102,promoter,Unavailable,1,1
BBa_K1585103,promoter,Unavailable,1,1
BBa_K1585104,promoter,Unavailable,1,1
BBa_K1585105,promoter,Unavailable,1,1
BBa_K1585106,promoter,Unavailable,1,1
BBa_K1585110,promoter,Unavailable,1,1
BBa_K1585113,promoter,Unavailable,1,1
BBa_K1585115,promoter,Unavailable,1,1
BBa_K1585116,promoter,Unavailable,1,1
BBa_K1585117,promoter,Unavailable,1,1
BBa_K1585118,promoter,Unavailable,1,1
BBa_K1585119,promoter,Unavailable,1,1
BBa_K1679004,promoter,Planning,1,0
BBa_K2486171,promoter,Unavailable,1,1
BBa_K823004,promoter,Available,1,1
BBa_K823005,promoter,Available,1,1
BBa_K823006,promoter,Available,1,1
BBa_K823007,promoter,Available,1,1
BBa_K823008,promoter,Available,1,1
BBa_K823010,promoter,Available,1,1
BBa_K823011,promoter,Available,1,1
BBa_K823013,promoter,Available,1,1
BBa_K823014,promoter,Available,1,1
BBa_I0500,promoter,Available,0,1
BBa_I1051,promoter,Available,0,1
BBa_I12006,promoter,Available,0,1
BBa_I12007,promoter,Available,0,1
BBa_I12036,promoter,Available,0,1
BBa_I12040,promoter,Available,0,1
BBa_I12210,promoter,Available,0,1
BBa_I13453,promoter,Available,0,1
BBa_I14015,promoter,Available,0,1
BBa_I14016,promoter,Available,0,1
BBa_I14017,promoter,Available,0,1
BBa_I14018,promoter,Available,0,1
BBa_I14032,promoter,Available,0,1
BBa_I14033,promoter,Available,0,1
BBa_I14034,promoter,Available,0,1
BBa_I712004,promoter,Available,0,0
BBa_I712074,promoter,Available,0,1
BBa_I718018,promoter,Available,0,1
BBa_I719005,promoter,Available,0,1
BBa_I732205,promoter,Available,0,1
BBa_I741018,promoter,Available,0,1
BBa_I746104,promoter,Available,0,1
BBa_I746360,promoter,Available,0,1
BBa_I746361,promoter,Available,0,1
BBa_I746364,promoter,Available,0,1
BBa_I746365,promoter,Available,0,1
BBa_I765001,promoter,Available,0,1
BBa_J05209,promoter,Available,0,1
BBa_J05210,promoter,Available,0,1
BBa_J06403,promoter,Available,0,1
BBa_J13210,promoter,Available,0,1
BBa_J176017,promoter,Available,0,0
BBa_J22106,promoter,Available,0,1
BBa_J23150,promoter,Available,0,1
BBa_J44002,promoter,Available,0,1
BBa_J45992,promoter,Available,0,1
BBa_J61051,promoter,Available,0,1
BBa_J63006,promoter,Available,0,0
BBa_J72005,promoter,Available,0,1
BBa_K086017,promoter,Available,0,1
BBa_K091100,promoter,Available,0,1
BBa_K091146,promoter,Available,0,1
BBa_K1021010,promoter,Available,0,0
BBa_K112118,promoter,Available,0,1
BBa_K113009,promoter,Available,0,1
BBa_K116401,promoter,Available,0,1
BBa_K117002,promoter,Available,0,1
BBa_K118011,promoter,Available,0,1
BBa_K1216007,promoter,Available,0,0
BBa_K131017,promoter,Available,0,0
BBa_K1315001,promoter,Available,0,1
BBa_K1315006,promoter,Available,0,1
BBa_K143012,promoter,Available,0,0
BBa_K1467101,promoter,Available,0,0
BBa_K1467102,promoter,Available,0,0
BBa_K1467103,promoter,Available,0,0
BBa_K1467104,promoter,Available,0,0
BBa_K1509001,promoter,Available,0,0
BBa_K1509003,promoter,Available,0,0
BBa_K1554000,promoter,Available,0,0
BBa_K1614000,promoter,Available,0,1
BBa_K1620000,promoter,Available,0,0
BBa_K1620001,promoter,Available,0,0
BBa_K165037,promoter,Available,0,0
BBa_K1668004,promoter,Available,0,0
BBa_K1682004,promoter,Available,0,1
BBa_K1725400,promoter,Available,0,0
BBa_K176009,promoter,Available,0,0
BBa_K180000,promoter,Available,0,1
BBa_K190015,promoter,Available,0,0
BBa_K200012,promoter,Available,0,1
BBa_K206000,promoter,Available,0,1
BBa_K206001,promoter,Available,0,1
BBa_K216005,promoter,Available,0,1
BBa_K2601001,promoter,Available,0,0
BBa_K346002,promoter,Available,0,0
BBa_K398326,promoter,Available,0,0
BBa_K431007,promoter,Available,0,0
BBa_K518010,promoter,Available,0,0
BBa_K518011,promoter,Available,0,0
BBa_K525998,promoter,Available,0,0
BBa_K540001,promoter,Available,0,0
BBa_K592008,promoter,Available,0,0
BBa_K678000,promoter,Available,0,0
BBa_K678001,promoter,Available,0,0
BBa_K731201,promoter,Available,0,1
BBa_K733001,promoter,Available,0,0
BBa_K747096,promoter,Available,0,0
BBa_K774000,promoter,Available,0,0
BBa_K774001,promoter,Available,0,0
BBa_K801010,promoter,Available,0,0
BBa_K808000,promoter,Available,0,1
BBa_K819017,promoter,Available,0,0
BBa_K823000,promoter,Available,0,0
BBa_K823001,promoter,Available,0,0
BBa_K823002,promoter,Available,0,0
BBa_K823003,promoter,Available,0,0
BBa_K847211,promoter,Available,0,1
BBa_K864400,promoter,Available,0,1
BBa_K873002,promoter,Available,0,1
BBa_K896008,promoter,Available,0,0
BBa_K914003,promoter,Available,0,0
BBa_K950000,promoter,Available,0,0
BBa_K950002,promoter,Available,0,0
BBa_R0010,promoter,Available,0,1
BBa_R0011,promoter,Available,0,1
BBa_R0040,promoter,Available,0,1
BBa_R0051,promoter,Available,0,1
BBa_R0052,promoter,Available,0,1
BBa_R0053,promoter,Available,0,1
BBa_R0061,promoter,Available,0,1
BBa_R0062,promoter,Available,0,1
BBa_R0063,promoter,Available,0,1
BBa_R0065,promoter,Available,0,1
BBa_R0071,promoter,Available,0,1
BBa_R0073,promoter,Available,0,1
BBa_R0074,promoter,Available,0,1
BBa_R0078,promoter,Available,0,1
BBa_R0079,promoter,Available,0,1
BBa_R0080,promoter,Available,0,1
BBa_R0082,promoter,Available,0,1
BBa_R0083,promoter,Available,0,1
BBa_R0084,promoter,Available,0,1
BBa_R0085,promoter,Available,0,1
BBa_R1050,promoter,Available,0,1
BBa_R1051,promoter,Available,0,1
BBa_R1062,promoter,Available,0,1
BBa_R2000,promoter,Available,0,1
BBa_R2001,promoter,Available,0,1
BBa_R2002,promoter,Available,0,1
BBa_R2109,promoter,Available,0,1
BBa_B0030,rbs,Available,0,1
BBa_B0031,rbs,Available,0,1
BBa_B0032,rbs,Available,0,1
BBa_B0033,rbs,Available,0,1
BBa_B0034,rbs,Available,0,1
BBa_J176012,rbs,Available,0,0
BBa_J23080,rbs,Available,0,1
BBa_J34801,rbs,Available,0,1
BBa_J34803,rbs,Available,0,1
BBa_J44001,rbs,Available,0,1
BBa_J61100,rbs,Available,0,1
BBa_J61101,rbs,Available,0,1
BBa_J61102,rbs,Available,0,1
BBa_J61103,rbs,Available,0,1
BBa_J61104,rbs,Available,0,1
BBa_J61105,rbs,Available,0,1
BBa_J61106,rbs,Available,0,1
BBa_J61107,rbs,Available,0,1
BBa_J61108,rbs,Available,0,1
BBa_J61109,rbs,Available,0,1
BBa_J61110,rbs,Available,0,1
BBa_J61111,rbs,Available,0,1
BBa_J61112,rbs,Available,0,1
BBa_J61113,rbs,Available,0,1
BBa_J61114,rbs,Available,0,1
BBa_J61115,rbs,Available,0,1
BBa_J61116,rbs,Available,0,1
BBa_J61117,rbs,Available,0,1
BBa_J61118,rbs,Available,0,1
BBa_J61119,rbs,Available,0,1
BBa_J61120,rbs,Available,0,1
BBa_J61121,rbs,Available,0,1
BBa_J61123,rbs,Available,0,1
BBa_J61124,rbs,Available,0,1
BBa_J61125,rbs,Available,0,1
BBa_J61126,rbs,Available,0,1
BBa_J61127,rbs,Available,0,1
BBa_J61128,rbs,Available,0,1
BBa_J61129,rbs,Available,0,1
BBa_J61130,rbs,Available,0,1
BBa_J61131,rbs,Available,0,1
BBa_J61132,rbs,Available,0,1
BBa_J61133,rbs,Available,0,1
BBa_J61134,rbs,Available,0,1
BBa_J61136,rbs,Available,0,1
BBa_J61137,rbs,Available,0,1
BBa_J61138,rbs,Available,0,1
BBa_J61139,rbs,Available,0,1
BBa_J63003,rbs,Available,0,0
BBa_J70591,rbs,Available,0,0
BBa_K1017202,rbs,Available,0,0
BBa_K1045010,rbs,Available,0,0
BBa_K1084101,rbs,Available,0,0
BBa_K1084103,rbs,Available,0,0
BBa_K1084104,rbs,Available,0,0
BBa_K1100014,rbs,Available,0,0
BBa_K1114100,rbs,Available,0,0
BBa_K1114101,rbs,Available,0,0
BBa_K1114102,rbs,Available,0,0
BBa_K1114103,rbs,Available,0,0
BBa_K1114104,rbs,Available,0,0
BBa_K1114107,rbs,Available,0,0
BBa_K1114108,rbs,Available,0,0
BBa_K1114109,rbs,Available,0,0
BBa_K1114110,rbs,Available,0,0
BBa_K1114111,rbs,Available,0,0
BBa_K1159300,rbs,Available,0,0
BBa_K1231002,rbs,Available,0,0
BBa_K1323016,rbs,Available,0,0
BBa_K1351028,rbs,Available,0,0
BBa_K1351029,rbs,Available,0,0
BBa_K1351030,rbs,Available,0,0
BBa_K1351031,rbs,Available,0,0
BBa_K1351032,rbs,Available,0,0
BBa_K1351033,rbs,Available,0,0
BBa_K1351034,rbs,Available,0,0
BBa_K1379015,rbs,Available,0,0
BBa_K143021,rbs,Available,0,0
BBa_K1442023,rbs,Available,0,0
BBa_K1442024,rbs,Available,0,0
BBa_K1461000,rbs,Available,0,0
BBa_K1529997,rbs,Available,0,0
BBa_K1583061,rbs,Available,0,0
BBa_K165002,rbs,Available,0,0
BBa_K1725317,rbs,Available,0,0
BBa_K1789002,rbs,Available,0,0
BBa_K1799011,rbs,Available,0,0
BBa_K1799012,rbs,Available,0,0
BBa_K1799013,rbs,Available,0,0
BBa_K1799014,rbs,Available,0,0
BBa_K2066549,rbs,Available,0,0
BBa_K2205098,rbs,Available,0,0
BBa_K2685025,rbs,Available,0,0
BBa_K2797000,rbs,Available,0,0
BBa_K2800016,rbs,Available,0,0
BBa_K2800019,rbs,Available,0,0
BBa_K2814014,rbs,Available,0,0
BBa_K3003044,rbs,Available,0,0
BBa_K3135002,rbs,Available,0,0
BBa_K3136003,rbs,Available,0,0
BBa_K3143685,rbs,Available,0,0
BBa_K3158003,rbs,Available,0,0
BBa_K3202028,rbs,Available,0,0
BBa_K3229294,rbs,Available,0,0
BBa_K3252025,rbs,Available,0,0
BBa_K3252026,rbs,Available,0,0
BBa_K3252027,rbs,Available,0,0
BBa_K3257010,rbs,Available,0,0
BBa_K3296002,rbs,Available,0,0
BBa_K3457007,rbs,Available,0,0
BBa_K3599013,rbs,Available,0,0
BBa_K3745004,rbs,Available,0,0
BBa_K4604030,rbs,Available,0,0
BBa_K545006,rbs,Available,0,0
BBa_K545666,rbs,Available,0,0
BBa_K606061,rbs,Available,0,0
BBa_K737033,rbs,Available,0,0
BBa_K783047,rbs,Available,0,0
BBa_K783048,rbs,Available,0,0
BBa_K783049,rbs,Available,0,0
BBa_K783050,rbs,Available,0,0
BBa_K783051,rbs,Available,0,0
BBa_M36781,rbs,Available,0,0
BBa_B0010,terminator,Available,0,0
BBa_B0011,terminator,Available,0,0
BBa_B0012,terminator,Available,0,0
BBa_B0013,terminator,Available,0,0
BBa_B0014,terminator,Available,0,0
BBa_B0015,terminator,Available,0,0
BBa_B0016,terminator,Available,0,0
BBa_B0017,terminator,Available,0,0
BBa_B0021,terminator,Available,0,0
BBa_B0023,terminator,Available,0,0
BBa_B0024,terminator,Available,0,0
BBa_B0025,terminator,Available,0,0
BBa_B1001,terminator,Available,0,0
BBa_B1002,terminator,Available,0,0
BBa_B1003,terminator,Available,0,0
BBa_B1005,terminator,Available,0,0
BBa_B1006,terminator,Available,0,0
BBa_B1007,terminator,Available,0,0
BBa_B1008,terminator,Available,0,0
BBa_B1009,terminator,Available,0,0
BBa_B1010,terminator,Available,0,0
BBa_I742129,terminator,Available,0,0
BBa_J34805,terminator,Available,0,0
BBa_J61048,terminator,Available,0,0
BBa_J70612,terminator,Available,0,0
BBa_J72049,terminator,Available,0,0
BBa_K093011,terminator,Available,0,0
BBa_K1021008,terminator,Available,0,0
BBa_K1023002,terminator,Available,0,0
BBa_K1045009,terminator,Available,0,0
BBa_K1051008,terminator,Available,0,0
BBa_K1071005,terminator,Available,0,0
BBa_K1114300,terminator,Available,0,0
BBa_K1114301,terminator,Available,0,0
BBa_K1114302,terminator,Available,0,0
BBa_K1150012,terminator,Available,0,0
BBa_K1159307,terminator,Available,0,0
BBa_K122013,terminator,Available,0,0
BBa_K1510005,terminator,Available,0,0
BBa_K1520029,terminator,Available,0,0
BBa_K1618037,terminator,Available,0,0
BBa_K1725081,terminator,Available,0,0
BBa_K1829003,terminator,Available,0,0
BBa_K1829004,terminator,Available,0,0
BBa_K2246001,terminator,Available,0,0
BBa_K2406215,terminator,Available,0,0
BBa_K2560034,terminator,Available,0,0
BBa_K2560035,terminator,Available,0,0
BBa_K2598024,terminator,Available,0,0
BBa_K2868005,terminator,Available,0,0
BBa_K2868012,terminator,Available,0,0
BBa_K2933030,terminator,Available,0,0
BBa_K2963007,terminator,Available,0,0
BBa_K2969992,terminator,Available,0,0
BBa_K2969993,terminator,Available,0,0
BBa_K2969996,terminator,Available,0,0
BBa_K3000025,terminator,Available,0,0
BBa_K3033015,terminator,Available,0,0
BBa_K3135007,terminator,Available,0,0
BBa_K3136005,terminator,Available,0,0
BBa_K3143686,terminator,Available,0,0
BBa_K3158004,terminator,Available,0,0
BBa_K3189003,terminator,Available,0,0
BBa_K3228004,terminator,Available,0,0
BBa_K3228005,terminator,Available,0,0
BBa_K3228006,terminator,Available,0,0
BBa_K3228007,terminator,Available,0,0
BBa_K3228009,terminator,Available,0,0
BBa_K3228010,terminator,Available,0,0
BBa_K3228011,terminator,Available,0,0
BBa_K3228012,terminator,Available,0,0
BBa_K3228013,terminator,Available,0,0
BBa_K3228014,terminator,Available,0,0
BBa_K3257022,terminator,Available,0,0
BBa_K3285668,terminator,Available,0,0
BBa_K3296007,terminator,Available,0,0
BBa_K3351011,terminator,Available,0,0
BBa_K3352003,terminator,Available,0,0
BBa_K3388012,terminator,Available,0,0
BBa_K3457010,terminator,Available,0,0
BBa_K3482010,terminator,Available,0,0
BBa_K3550006,terminator,Available,0,0
BBa_K3648010,terminator,Available,0,0
BBa_K3654103,terminator,Available,0,0
BBa_K3702161,terminator,Available,0,0
BBa_K3702173,terminator,Available,0,0
BBa_K3778018,terminator,Available,0,0
BBa_K395601,terminator,Available,0,0
BBa_K530014,terminator,Available,0,0
BBa_K530019,terminator,Available,0,0
BBa_K731721,terminator,Available,0,0
BBa_K731722,terminator,Available,0,0
BBa_K783020,terminator,Available,0,0
BBa_K785002,terminator,Available,0,0
BBa_K801011,terminator,Available,0,0
BBa_K801012,terminator,Available,0,0
BBa_K823017,terminator,Available,0,0
BBa_K864600,terminator,Available,0,0
BBa_K864601,terminator,Available,0,0
BBa_K923004,terminator,Available,0,0
BBa_M36135,terminator,Available,0,0
BBa_M36305,terminator,Available,0,0
BBa_M36561,terminator,Available,0,0
BBa_M36586,terminator,Available,0,0
BBa_M36912,terminator,Available,0,0
BBa_M36918,terminator,Available,0,0
BBa_M50032,terminator,Available,0,0
BBa_M50049,terminator,Available,0,0
